{"cameraMode":{"drawMode":0,"name":"Shaded","section":"Shading Mode"},"sceneLighting":true,"audioPlay":false,"sceneViewState":{"m_AlwaysRefresh":false,"showFog":true,"showSkybox":true,"showFlares":true,"showImageEffects":true,"showParticleSystems":true,"showVisualEffectGraphs":true,"m_FxEnabled":true},"in2DMode":false,"pivot":{"x":-0.3480244278907776,"y":2.6202456951141359,"z":0.49699047207832339},"rotation":{"x":0.007201201748102903,"y":0.9762656688690186,"z":-0.21513506770133973,"w":0.03247278556227684},"size":3.85512375831604,"orthographic":false}