{"cameraMode":{"drawMode":0,"name":"Shaded","section":"Shading Mode"},"sceneLighting":true,"audioPlay":false,"sceneViewState":{"m_AlwaysRefresh":false,"showFog":true,"showSkybox":true,"showFlares":true,"showImageEffects":true,"showParticleSystems":true,"showVisualEffectGraphs":true,"m_FxEnabled":true},"in2DMode":false,"pivot":{"x":-3.5255260467529299,"y":3.7705068588256838,"z":456.52069091796877},"rotation":{"x":-0.30010539293289187,"y":-0.6395018696784973,"z":0.29934611916542055,"w":-0.6414469480514526},"size":65.52117156982422,"orthographic":false}