{"cameraMode":{"drawMode":0,"name":"Shaded","section":"Shading Mode"},"sceneLighting":true,"audioPlay":false,"sceneViewState":{"m_AlwaysRefresh":false,"showFog":true,"showSkybox":true,"showFlares":true,"showImageEffects":true,"showParticleSystems":true,"showVisualEffectGraphs":true,"m_FxEnabled":true},"in2DMode":false,"pivot":{"x":19.542421340942384,"y":-5.737093448638916,"z":13.346624374389649},"rotation":{"x":0.042315270751714709,"y":0.8605045080184937,"z":-0.5029315948486328,"w":0.07276827841997147},"size":8.854879379272461,"orthographic":false}