{"cameraMode":{"drawMode":0,"name":"Shaded","section":"Shading Mode"},"sceneLighting":true,"audioPlay":false,"sceneViewState":{"m_AlwaysRefresh":false,"showFog":true,"showSkybox":true,"showFlares":true,"showImageEffects":true,"showParticleSystems":true,"showVisualEffectGraphs":true,"m_FxEnabled":true},"in2DMode":false,"pivot":{"x":0.16612911224365235,"y":4.154612064361572,"z":8.37219524383545},"rotation":{"x":0.06754542142152786,"y":0.9068490266799927,"z":-0.15940342843532563,"w":0.38426151871681216},"size":9.887604713439942,"orthographic":false}