{"cameraMode":{"drawMode":0,"name":"Shaded","section":"Shading Mode"},"sceneLighting":true,"audioPlay":false,"sceneViewState":{"m_AlwaysRefresh":false,"showFog":true,"showSkybox":true,"showFlares":true,"showImageEffects":true,"showParticleSystems":true,"showVisualEffectGraphs":true,"m_FxEnabled":true},"in2DMode":false,"pivot":{"x":-2.4607715606689455,"y":2.056520700454712,"z":1.6835746765136719},"rotation":{"x":-0.027010874822735788,"y":0.9306923151016235,"z":-0.07022283226251602,"w":-0.3579854667186737},"size":11.746023178100586,"orthographic":false}