{"cameraMode":{"drawMode":0,"name":"Shaded","section":"Shading Mode"},"sceneLighting":false,"audioPlay":false,"sceneViewState":{"m_AlwaysRefresh":false,"showFog":true,"showSkybox":false,"showFlares":true,"showImageEffects":true,"showParticleSystems":true,"showVisualEffectGraphs":true,"m_FxEnabled":true},"in2DMode":false,"pivot":{"x":-2.3317408561706545,"y":1.7100000381469727,"z":-0.17647117376327516},"rotation":{"x":0.15256346762180329,"y":0.7635787725448608,"z":-0.19538642466068269,"w":0.5962751507759094},"size":0.17320503294467927,"orthographic":false}